split,accuracy,precision,recall,micro_f1,macro_f1
train,0.11167933655839668,0.19750184204063015,0.11015008903586873,0.14142505401738606,0.025110064240069892
validation,0.3851824548470328,0.6931567328918322,0.39373040752351096,0.5021991203518592,0.27193547860723716
test,0.3862170628339783,0.6934184948625381,0.3945331015958287,0.502920443101712,0.2646965628440217
