{
  "accuracy": 0.11167933655839668,
  "precision": 0.19750184204063015,
  "recall": 0.11015008903586873,
  "micro_f1": 0.14142505401738606,
  "macro_f1": 0.025110064240069892,
  "split": "train"
}