split,accuracy,precision,recall,micro_f1,macro_f1
train,0.10522920985947938,0.1954823494730636,0.1038099524489756,0.13560665124423257,0.024777877971968974
validation,0.3630667158127534,0.7024866785079928,0.3719435736677116,0.48637015781922527,0.24296179467320875
test,0.3681592039800995,0.6931155192532089,0.3754147574656344,0.48703494926719276,0.2301272807451801
