{
  "accuracy": 0.10522920985947938,
  "precision": 0.1954823494730636,
  "recall": 0.1038099524489756,
  "micro_f1": 0.13560665124423257,
  "macro_f1": 0.024777877971968974,
  "split": "train"
}