split,accuracy,precision,recall,micro_f1,macro_f1
train,0.10363971435153191,0.19407407407407407,0.10253801146703716,0.1341817855908224,0.0239777940999149
validation,0.3582749723553262,0.693672383205204,0.3677115987460815,0.48063921327596804,0.23959129209253532
test,0.35747189976045696,0.6900237529691211,0.36719860957497236,0.4793235021140559,0.23845517430657198
