{
  "accuracy": 0.10363971435153191,
  "precision": 0.19407407407407407,
  "recall": 0.10253801146703716,
  "micro_f1": 0.1341817855908224,
  "macro_f1": 0.0239777940999149,
  "split": "train"
}